"","y0_1","y0_2","fY.100"
"1",-5,-5,1.14606572354739e-05
"2",-4.5,-5,1.79455976185709e-05
"3",-4,-5,2.8262493113006e-05
"4",-3.5,-5,4.30260539356832e-05
"5",-3,-5,6.22470785246458e-05
"6",-2.5,-5,8.48880864465444e-05
"7",-2,-5,0.00010950622250048
"8",-1.5,-5,0.000135425402621478
"9",-1,-5,0.000162714078473728
"10",-0.5,-5,0.000190437161478257
"11",0,-5,0.000215820895336471
"12",0.5,-5,0.000236346218013708
"13",1,-5,0.000251578128842855
"14",1.5,-5,0.000262028142603893
"15",2,-5,0.00026786162216176
"16",2.5,-5,0.000271195778817474
"17",3,-5,0.000281781485282946
"18",3.5,-5,0.000296352915159373
"19",4,-5,0.000277525545325625
"20",4.5,-5,0.00023412294803994
"21",5,-5,0.000204456264528038
"22",5.5,-5,0.000186871832295386
"23",6,-5,0.000171801129206655
"24",6.5,-5,0.000156278808393218
"25",7,-5,0.00013948700666331
"26",7.5,-5,0.000121497349588523
"27",8,-5,0.000102406836729332
"28",8.5,-5,8.19711330752993e-05
"29",9,-5,6.09834745792623e-05
"30",9.5,-5,4.20141148381225e-05
"31",10,-5,2.74805567118564e-05
"32",10.5,-5,1.77405922722248e-05
"33",11,-5,1.15656489218193e-05
"34",11.5,-5,7.56505563158585e-06
"35",12,-5,4.8524320542869e-06
"36",12.5,-5,2.98487962842197e-06
"37",13,-5,1.73551452335617e-06
"38",13.5,-5,9.48195535111492e-07
"39",14,-5,4.87533308279078e-07
"40",14.5,-5,2.37679821047384e-07
"41",15,-5,1.11103571564714e-07
"42",-5,-4.5,2.23720847998309e-05
"43",-4.5,-4.5,3.1803270957158e-05
"44",-4,-4.5,4.9128427908138e-05
"45",-3.5,-4.5,7.39845551118333e-05
"46",-3,-4.5,0.000106296511117506
"47",-2.5,-4.5,0.000144489196092997
"48",-2,-4.5,0.000186487846047326
"49",-1.5,-4.5,0.000231820272292298
"50",-1,-4.5,0.000281191621392397
"51",-0.5,-4.5,0.000332410856978026
"52",0,-4.5,0.000378640459494619
"53",0.5,-4.5,0.000414770413254466
"54",1,-4.5,0.000441435479228219
"55",1.5,-4.5,0.000459994619944344
"56",2,-4.5,0.000470194611424587
"57",2.5,-4.5,0.000474275200384119
"58",3,-4.5,0.000483123962466065
"59",3.5,-4.5,0.000493747743728299
"60",4,-4.5,0.000466521789809859
"61",4.5,-4.5,0.000411162192734407
"62",5,-4.5,0.00036878427539232
"63",5.5,-4.5,0.000337708665047735
"64",6,-4.5,0.000308117809678172
"65",6.5,-4.5,0.000277323301315958
"66",7,-4.5,0.000244982875893707
"67",7.5,-4.5,0.000211636759917368
"68",8,-4.5,0.000177755582419262
"69",8.5,-4.5,0.000142561326597827
"70",9,-4.5,0.000106567718905071
"71",9.5,-4.5,7.38040879966482e-05
"72",10,-4.5,4.85433229450594e-05
"73",10.5,-4.5,3.15779404256158e-05
"74",11,-4.5,2.08177968136068e-05
"75",11.5,-4.5,1.38086668324924e-05
"76",12,-4.5,8.98710828703688e-06
"77",12.5,-4.5,5.60187631849288e-06
"78",13,-4.5,3.29322655518173e-06
"79",13.5,-4.5,1.81459408662824e-06
"80",14,-4.5,9.38366533459685e-07
"81",14.5,-4.5,4.58672817929228e-07
"82",15,-4.5,2.14239756902592e-07
"83",-5,-4,4.11263477944336e-05
"84",-4.5,-4,5.33829958094311e-05
"85",-4,-4,8.10948319632883e-05
"86",-3.5,-4,0.000120454270710033
"87",-3,-4,0.000171459755961681
"88",-2.5,-4,0.000232640934549108
"89",-2,-4,0.000301297592133098
"90",-1.5,-4,0.000377329011505842
"91",-1,-4,0.00046295122600498
"92",-0.5,-4,0.000554324042926464
"93",0,-4,0.000634644575045078
"94",0.5,-4,0.000693270886640646
"95",1,-4,0.000737444998769597
"96",1.5,-4,0.000771385414285881
"97",2,-4,0.000791298124428569
"98",2.5,-4,0.000796226657116322
"99",3,-4,0.000792034909620041
"100",3.5,-4,0.00077981620340821
"101",4,-4,0.000745499530819273
"102",4.5,-4,0.000695695756542177
"103",5,-4,0.000646295579220331
"104",5.5,-4,0.000593034530549315
"105",6,-4,0.000537270317172419
"106",6.5,-4,0.000480886432312184
"107",7,-4,0.000422090444839289
"108",7.5,-4,0.000358919496843713
"109",8,-4,0.000295631483052218
"110",8.5,-4,0.000234517895746115
"111",9,-4,0.000175260018834874
"112",9.5,-4,0.000122339467546212
"113",10,-4,8.16092862748835e-05
"114",10.5,-4,5.40172939987016e-05
"115",11,-4,3.62163505968476e-05
"116",11.5,-4,2.43772934954009e-05
"117",12,-4,1.60644556074235e-05
"118",12.5,-4,1.0121909131046e-05
"119",13,-4,6.00786116001713e-06
"120",13.5,-4,3.33911275363042e-06
"121",14,-4,1.73985634163231e-06
"122",14.5,-4,8.55642010270119e-07
"123",15,-4,4.01254072340888e-07
"124",-5,-3.5,6.32754498703286e-05
"125",-4.5,-3.5,8.67206503441624e-05
"126",-4,-3.5,0.000132443050477295
"127",-3.5,-3.5,0.000190918556485666
"128",-3,-3.5,0.000264253156390589
"129",-2.5,-3.5,0.000355870740702066
"130",-2,-3.5,0.00046230049180518
"131",-1.5,-3.5,0.00058292619337386
"132",-1,-3.5,0.00072304096141507
"133",-0.5,-3.5,0.00087917483186296
"134",0,-3.5,0.00101578923704796
"135",0.5,-3.5,0.00110729808992979
"136",1,-3.5,0.00117677615111004
"137",1.5,-3.5,0.0012396091800428
"138",2,-3.5,0.00128079785086625
"139",2.5,-3.5,0.00129259560192039
"140",3,-3.5,0.00128147974703928
"141",3.5,-3.5,0.00125359598484097
"142",4,-3.5,0.00121339931517378
"143",4.5,-3.5,0.00117322527855524
"144",5,-3.5,0.00111885781026227
"145",5.5,-3.5,0.00101631633693581
"146",6,-3.5,0.000907936003538712
"147",6.5,-3.5,0.000811982647300203
"148",7,-3.5,0.000712850815694072
"149",7.5,-3.5,0.000595311305528897
"150",8,-3.5,0.000476382662502925
"151",8.5,-3.5,0.000372413605294125
"152",9,-3.5,0.000278549358321678
"153",9.5,-3.5,0.000195471401171709
"154",10,-3.5,0.000131968769889087
"155",10.5,-3.5,8.92218400599658e-05
"156",11,-3.5,6.11292138564366e-05
"157",11.5,-3.5,4.18236486282894e-05
"158",12,-3.5,2.78803745503065e-05
"159",12.5,-3.5,1.77277891382389e-05
"160",13,-3.5,1.06129231000996e-05
"161",13.5,-3.5,5.95076111462352e-06
"162",14,-3.5,3.12931892392244e-06
"163",14.5,-3.5,1.55343756042804e-06
"164",15,-3.5,7.34927700717254e-07
"165",-5,-3,9.08698884731761e-05
"166",-4.5,-3,0.000140808412557324
"167",-4,-3,0.000216221328417089
"168",-3.5,-3,0.000297267800764098
"169",-3,-3,0.000392173121124064
"170",-2.5,-3,0.000520351107919993
"171",-2,-3,0.000677235367795721
"172",-1.5,-3,0.000857875709941651
"173",-1,-3,0.00106680525827934
"174",-0.5,-3,0.00130376617345497
"175",0,-3,0.00152570693282687
"176",0.5,-3,0.0016850777698893
"177",1,-3,0.00180978154773322
"178",1.5,-3,0.00192726685601143
"179",2,-3,0.00201258205697029
"180",2.5,-3,0.00205039473184065
"181",3,-3,0.00203079125213257
"182",3.5,-3,0.00199554530620357
"183",4,-3,0.00195037611630073
"184",4.5,-3,0.00191210983543327
"185",5,-3,0.00183851434693376
"186",5.5,-3,0.0016571178797807
"187",6,-3,0.00146617170455197
"188",6.5,-3,0.00130436127419398
"189",7,-3,0.00114501629671318
"190",7.5,-3,0.000981645285017418
"191",8,-3,0.000754718188717915
"192",8.5,-3,0.00058430534115019
"193",9,-3,0.000442141716460114
"194",9.5,-3,0.00031001475819223
"195",10,-3,0.000209198945584379
"196",10.5,-3,0.000143889509676666
"197",11,-3,0.000100853423849234
"198",11.5,-3,7.02045898747913e-05
"199",12,-3,4.73442573668581e-05
"200",12.5,-3,3.03766114760591e-05
"201",13,-3,1.83426592543279e-05
"202",13.5,-3,1.03785297641318e-05
"203",14,-3,5.51339028937285e-06
"204",14.5,-3,2.76923955544762e-06
"205",15,-3,1.32709749949364e-06
"206",-5,-2.5,0.000144230475819687
"207",-4.5,-2.5,0.000220519494506936
"208",-4,-2.5,0.000318343663661355
"209",-3.5,-2.5,0.000425255726513069
"210",-3,-2.5,0.000553603274108637
"211",-2.5,-2.5,0.000733362550561828
"212",-2,-2.5,0.00095817255261382
"213",-1.5,-2.5,0.00121676089067169
"214",-1,-2.5,0.00150254172286261
"215",-0.5,-2.5,0.00181517350864853
"216",0,-2.5,0.00213598865789862
"217",0.5,-2.5,0.00243623754555671
"218",1,-2.5,0.00277171184747661
"219",1.5,-2.5,0.00291278412961562
"220",2,-2.5,0.00311957716084993
"221",2.5,-2.5,0.00341226714897927
"222",3,-2.5,0.00318567819782131
"223",3.5,-2.5,0.0030976890155849
"224",4,-2.5,0.00304276171191322
"225",4.5,-2.5,0.00296025418919365
"226",5,-2.5,0.00279358381846293
"227",5.5,-2.5,0.00252754568511456
"228",6,-2.5,0.00224888418517525
"229",6.5,-2.5,0.00198072475294118
"230",7,-2.5,0.00173683596476865
"231",7.5,-2.5,0.00162188479412789
"232",8,-2.5,0.00117500738438665
"233",8.5,-2.5,0.000890000725843858
"234",9,-2.5,0.000679147206171223
"235",9.5,-2.5,0.000477878914131081
"236",10,-2.5,0.000324881296194278
"237",10.5,-2.5,0.000227769740510259
"238",11,-2.5,0.000163113101212903
"239",11.5,-2.5,0.00011548577822274
"240",12,-2.5,7.89131335416666e-05
"241",12.5,-2.5,5.12268817871316e-05
"242",13,-2.5,3.12667279277203e-05
"243",13.5,-2.5,1.7865747198847e-05
"244",14,-2.5,9.59041484949035e-06
"245",14.5,-2.5,4.88042155661914e-06
"246",15,-2.5,2.37607861997267e-06
"247",-5,-2,0.000216568112844262
"248",-4.5,-2,0.000306772249196065
"249",-4,-2,0.00040966707922089
"250",-3.5,-2,0.000553139350045234
"251",-3,-2,0.000748186233177901
"252",-2.5,-2,0.0010097748984923
"253",-2,-2,0.0013218941260733
"254",-1.5,-2,0.0016761385876792
"255",-1,-2,0.00205778331247474
"256",-0.5,-2,0.00245554566509251
"257",0,-2,0.00288401641689816
"258",0.5,-2,0.003378616708925
"259",1,-2,0.00399484016681132
"260",1.5,-2,0.00420968601897678
"261",2,-2,0.00447759938982893
"262",2.5,-2,0.00490853400783976
"263",3,-2,0.0047678542286785
"264",3.5,-2,0.00467103455150499
"265",4,-2,0.00461046799454814
"266",4.5,-2,0.00445505813420198
"267",5,-2,0.00412844989787966
"268",5.5,-2,0.00371883103313933
"269",6,-2,0.00331536597906337
"270",6.5,-2,0.00290160154459075
"271",7,-2,0.0024819925895472
"272",7.5,-2,0.0020870727145204
"273",8,-2,0.0016550771517251
"274",8.5,-2,0.00128900950707102
"275",9,-2,0.000976204462893806
"276",9.5,-2,0.000698558761298266
"277",10,-2,0.000490368160814043
"278",10.5,-2,0.000352496494466578
"279",11,-2,0.000256847031522233
"280",11.5,-2,0.000184571680632213
"281",12,-2,0.000128062767314846
"282",12.5,-2,8.4462176413846e-05
"283",13,-2,5.2287689821039e-05
"284",13.5,-2,3.02240016529502e-05
"285",14,-2,1.6413171886825e-05
"286",14.5,-2,8.47848110223085e-06
"287",15,-2,4.20520137843222e-06
"288",-5,-1.5,0.000257247284742024
"289",-4.5,-1.5,0.000368598998421135
"290",-4,-1.5,0.000510845775331642
"291",-3.5,-1.5,0.000711383779247252
"292",-3,-1.5,0.000986459974646821
"293",-2.5,-1.5,0.00134744184981266
"294",-2,-1.5,0.00175809238198931
"295",-1.5,-1.5,0.00223115577930943
"296",-1,-1.5,0.00276118402571741
"297",-0.5,-1.5,0.00327975554113562
"298",0,-1.5,0.00383016214277938
"299",0.5,-1.5,0.00450843000085696
"300",1,-1.5,0.00523597297423185
"301",1.5,-1.5,0.00575502379983141
"302",2,-1.5,0.00614238984856401
"303",2.5,-1.5,0.00658812106035893
"304",3,-1.5,0.00670406967719949
"305",3.5,-1.5,0.00676636083961597
"306",4,-1.5,0.00680670599202931
"307",4.5,-1.5,0.00644172534675779
"308",5,-1.5,0.00588035302713991
"309",5.5,-1.5,0.0053018035120829
"310",6,-1.5,0.0047225196477789
"311",6.5,-1.5,0.0041214457258281
"312",7,-1.5,0.00351027527586874
"313",7.5,-1.5,0.00294688235885106
"314",8,-1.5,0.002472273562691
"315",8.5,-1.5,0.00184272109674244
"316",9,-1.5,0.00138001407494708
"317",9.5,-1.5,0.00100634695894023
"318",10,-1.5,0.000727069435954267
"319",10.5,-1.5,0.000530340343623392
"320",11,-1.5,0.000389385978448493
"321",11.5,-1.5,0.000282540865687403
"322",12,-1.5,0.000198800460961392
"323",12.5,-1.5,0.000133290350400467
"324",13,-1.5,8.38040869365363e-05
"325",13.5,-1.5,4.91248432793692e-05
"326",14,-1.5,2.70979991718124e-05
"327",14.5,-1.5,1.42801087060748e-05
"328",15,-1.5,7.24749983735654e-06
"329",-5,-1,0.000286505479121617
"330",-4.5,-1,0.00042982737390417
"331",-4,-1,0.000635196143311949
"332",-3.5,-1,0.000896556627778732
"333",-3,-1,0.00123769379084478
"334",-2.5,-1,0.00169112042375152
"335",-2,-1,0.00221601300593905
"336",-1.5,-1,0.00285022753669373
"337",-1,-1,0.003595982685313
"338",-0.5,-1,0.00427823335254462
"339",0,-1,0.00500532072545391
"340",0.5,-1,0.00585646651475316
"341",1,-1,0.00677443788493607
"342",1.5,-1,0.00756752956811376
"343",2,-1,0.00815969731581329
"344",2.5,-1,0.00869781620872257
"345",3,-1,0.00897227862597414
"346",3.5,-1,0.00934675129242328
"347",4,-1,0.00926043084641838
"348",4.5,-1,0.00864105420308651
"349",5,-1,0.00803135473621028
"350",5.5,-1,0.00731203339214414
"351",6,-1,0.00648227243126974
"352",6.5,-1,0.00562166532192531
"353",7,-1,0.00478885511143557
"354",7.5,-1,0.00402581439685809
"355",8,-1,0.00337210221895581
"356",8.5,-1,0.00258722684248791
"357",9,-1,0.001964824820697
"358",9.5,-1,0.00145916680492458
"359",10,-1,0.00106974918528134
"360",10.5,-1,0.00077461614275455
"361",11,-1,0.000565392796915356
"362",11.5,-1,0.000411020632846441
"363",12,-1,0.000291018325855457
"364",12.5,-1,0.000196908063100662
"365",13,-1,0.000125240255580163
"366",13.5,-1,7.45770243247802e-05
"367",14,-1,4.20595193615562e-05
"368",14.5,-1,2.27882285641473e-05
"369",15,-1,1.19075995885456e-05
"370",-5,-0.5,0.000341550627418762
"371",-4.5,-0.5,0.000511238757493349
"372",-4,-0.5,0.00075351188312257
"373",-3.5,-0.5,0.00106778618243469
"374",-3,-0.5,0.00148071506216121
"375",-2.5,-0.5,0.00202830941480103
"376",-2,-0.5,0.00267482723508961
"377",-1.5,-0.5,0.00344349835714722
"378",-1,-0.5,0.00438093252659365
"379",-0.5,-0.5,0.005345845603794
"380",0,-0.5,0.00652230732284552
"381",0.5,-0.5,0.00752634982873433
"382",1,-0.5,0.0085306522709227
"383",1.5,-0.5,0.00957625466361675
"384",2,-0.5,0.0104081576412026
"385",2.5,-0.5,0.0110068297283507
"386",3,-0.5,0.0115609589213811
"387",3.5,-0.5,0.0120004452705374
"388",4,-0.5,0.0119596255040003
"389",4.5,-0.5,0.0111998186349076
"390",5,-0.5,0.0105004995662834
"391",5.5,-0.5,0.0096086341921721
"392",6,-0.5,0.00849190007245258
"393",6.5,-0.5,0.007322086107978
"394",7,-0.5,0.00624974694261081
"395",7.5,-0.5,0.00525710763457746
"396",8,-0.5,0.00432720483784321
"397",8.5,-0.5,0.00347019087784261
"398",9,-0.5,0.0026903079000304
"399",9.5,-0.5,0.00204989421748148
"400",10,-0.5,0.00152506114044193
"401",10.5,-0.5,0.00108979943952122
"402",11,-0.5,0.000788132336034706
"403",11.5,-0.5,0.000570957940174724
"404",12,-0.5,0.000401882332583753
"405",12.5,-0.5,0.00027054559330023
"406",13,-0.5,0.000172487084538697
"407",13.5,-0.5,0.000104225837299699
"408",14,-0.5,6.04059252134397e-05
"409",14.5,-0.5,3.38776265842553e-05
"410",15,-0.5,1.83323334711872e-05
"411",-5,0,0.000404885012882975
"412",-4.5,0,0.000600879549698739
"413",-4,0,0.000875165633722456
"414",-3.5,0,0.00124754883891436
"415",-3,0,0.00173672765048852
"416",-2.5,0,0.00236727705924344
"417",-2,0,0.00315517485704247
"418",-1.5,0,0.00400788625187569
"419",-1,0,0.00510069898643536
"420",-0.5,0,0.0064452359890855
"421",0,0,0.00777209884503694
"422",0.5,0,0.0092312574552545
"423",1,0,0.0103400999625581
"424",1.5,0,0.0115067357382973
"425",2,0,0.0126728804133928
"426",2.5,0,0.0136168177678584
"427",3,0,0.0144264623063051
"428",3.5,0,0.0149068861593557
"429",4,0,0.0148460949453709
"430",4.5,0,0.0139666014750262
"431",5,0,0.0131044630764262
"432",5.5,0,0.0119791476331269
"433",6,0,0.0106378676836283
"434",6.5,0,0.00924537041539247
"435",7,0,0.00786614711374495
"436",7.5,0,0.00666598172831716
"437",8,0,0.00550260459437661
"438",8.5,0,0.0043960099469785
"439",9,0,0.00343348228805964
"440",9.5,0,0.0026443412379372
"441",10,0,0.00198384436402607
"442",10.5,0,0.00144192516372082
"443",11,0,0.00105657166103516
"444",11.5,0,0.000765546395838603
"445",12,0,0.000529355172576848
"446",12.5,0,0.000348793907932785
"447",13,0,0.00022054939646721
"448",13.5,0,0.000134702613026508
"449",14,0,8.02628152849718e-05
"450",14.5,0,4.67089447597713e-05
"451",15,0,2.6290628373645e-05
"452",-5,0.5,0.000455460482137855
"453",-4.5,0.5,0.000679249167132764
"454",-4,0.5,0.000992506053659533
"455",-3.5,0.5,0.00141775202418158
"456",-3,0.5,0.00196435796393329
"457",-2.5,0.5,0.00265724644001115
"458",-2,0.5,0.00366049002027203
"459",-1.5,0.5,0.00459514097173806
"460",-1,0.5,0.00576893984897274
"461",-0.5,0.5,0.0074593660553566
"462",0,0.5,0.00887116084772595
"463",0.5,0.5,0.0104594443331533
"464",1,0.5,0.0119367673769855
"465",1.5,0.5,0.0132768515888672
"466",2,0.5,0.0147431277860918
"467",2.5,0.5,0.0160856571969266
"468",3,0.5,0.0168963027358657
"469",3.5,0.5,0.0173447906662768
"470",4,0.5,0.0175429111407339
"471",4.5,0.5,0.0166430859902455
"472",5,0.5,0.0156092358779892
"473",5.5,0.5,0.0144115583720723
"474",6,0.5,0.0129435035725348
"475",6.5,0.5,0.0114457986380709
"476",7,0.5,0.00960853068173252
"477",7.5,0.5,0.00811489111881786
"478",8,0.5,0.00669937916269078
"479",8.5,0.5,0.00535637329083904
"480",9,0.5,0.0042114121535937
"481",9.5,0.5,0.00324030057032029
"482",10,0.5,0.00243776568181906
"483",10.5,0.5,0.00181090630322546
"484",11,0.5,0.0013516998452013
"485",11.5,0.5,0.000982823852692747
"486",12,0.5,0.000664487098297605
"487",12.5,0.5,0.000425245583722663
"488",13,0.5,0.000265432142792218
"489",13.5,0.5,0.000163269390978079
"490",14,0.5,9.96629487506533e-05
"491",14.5,0.5,6.0115025379382e-05
"492",15,0.5,3.53431878583343e-05
"493",-5,1,0.000483098697321686
"494",-4.5,1,0.000723450186264078
"495",-4,1,0.00105913205042031
"496",-3.5,1,0.00150547663145857
"497",-3,1,0.00207929841908999
"498",-2.5,1,0.00281124754706956
"499",-2,1,0.0038191072630921
"500",-1.5,1,0.00497341974770009
"501",-1,1,0.0061373033758469
"502",-0.5,1,0.00774404057460714
"503",0,1,0.00940787170850379
"504",0.5,1,0.0113251291955055
"505",1,1,0.0133601152386325
"506",1.5,1,0.01477714424809
"507",2,1,0.0163801439280202
"508",2.5,1,0.0180629671854665
"509",3,1,0.01928366201336
"510",3.5,1,0.0197846584323911
"511",4,1,0.0196336378489203
"512",4.5,1,0.0188067369424921
"513",5,1,0.0178732169420779
"514",5.5,1,0.0165287076730597
"515",6,1,0.0149230598241485
"516",6.5,1,0.0134116011349648
"517",7,1,0.011345439730733
"518",7.5,1,0.00951533988624578
"519",8,1,0.0079003278786617
"520",8.5,1,0.00638144035406905
"521",9,1,0.00506517419407152
"522",9.5,1,0.00390635881089827
"523",10,1,0.00296142503988943
"524",10.5,1,0.00218887382276241
"525",11,1,0.00160959254844932
"526",11.5,1,0.00115911453860692
"527",12,1,0.000774973626076511
"528",12.5,1,0.000490222699822627
"529",13,1,0.000304470700292621
"530",13.5,1,0.000188383502471561
"531",14,1,0.000117181714087796
"532",14.5,1,7.3089216278489e-05
"533",15,1,4.50818443411826e-05
"534",-5,1.5,0.000488123493550865
"535",-4.5,1.5,0.000728476097840257
"536",-4,1.5,0.00106535657881642
"537",-3.5,1.5,0.00151740925129651
"538",-3,1.5,0.00209714047809344
"539",-2.5,1.5,0.00280111764453163
"540",-2,1.5,0.00379789439533611
"541",-1.5,1.5,0.0049503788031562
"542",-1,1.5,0.00614103633104025
"543",-0.5,1.5,0.00788168073701876
"544",0,1.5,0.00961083669139985
"545",0.5,1.5,0.0115326074160858
"546",1,1.5,0.0137853816994842
"547",1.5,1.5,0.0154378949554435
"548",2,1.5,0.0171371229865845
"549",2.5,1.5,0.0188404723358953
"550",3,1.5,0.0205565567262493
"551",3.5,1.5,0.0214419740813585
"552",4,1.5,0.0213636814496267
"553",4.5,1.5,0.0205228276823124
"554",5,1.5,0.0195539744720152
"555",5.5,1.5,0.0182798590030403
"556",6,1.5,0.0165302978940769
"557",6.5,1.5,0.0145778028615739
"558",7,1.5,0.0125532148835875
"559",7.5,1.5,0.0106844790281642
"560",8,1.5,0.00909932951372921
"561",8.5,1.5,0.0073810127350539
"562",9,1.5,0.00587565498053065
"563",9.5,1.5,0.00450659837218237
"564",10,1.5,0.00346513991756433
"565",10.5,1.5,0.00251358015283183
"566",11,1.5,0.00178002321841482
"567",11.5,1.5,0.00125474068067554
"568",12,1.5,0.000844416240654395
"569",12.5,1.5,0.000541628962572011
"570",13,1.5,0.00033810544617725
"571",13.5,1.5,0.000209782562744827
"572",14,1.5,0.000131973925142763
"573",14.5,1.5,8.47311164517873e-05
"574",15,1.5,5.48293322054092e-05
"575",-5,2,0.000473025682643206
"576",-4.5,2,0.000700682984200031
"577",-4,2,0.00102460112951839
"578",-3.5,2,0.00150791697700436
"579",-3,2,0.0022363723878475
"580",-2.5,2,0.00277419332799551
"581",-2,2,0.003647105638338
"582",-1.5,2,0.0046892856623047
"583",-1,2,0.00595496982080613
"584",-0.5,2,0.00775437462800802
"585",0,2,0.0094091087478023
"586",0.5,2,0.0111451442631141
"587",1,2,0.0131716505276651
"588",1.5,2,0.0151867381025831
"589",2,2,0.0171297485726624
"590",2.5,2,0.0188222086312442
"591",3,2,0.020855496272673
"592",3.5,2,0.0217539306169491
"593",4,2,0.0221677090801693
"594",4.5,2,0.0214459967986057
"595",5,2,0.0203558298827231
"596",5.5,2,0.0190219763651222
"597",6,2,0.0174221817757305
"598",6.5,2,0.0150754048068847
"599",7,2,0.0130910521310687
"600",7.5,2,0.01135500909017
"601",8,2,0.00963608329271509
"602",8.5,2,0.00780585886876885
"603",9,2,0.00622769666543703
"604",9.5,2,0.00500778210055507
"605",10,2,0.00378358412515412
"606",10.5,2,0.00267793336211265
"607",11,2,0.00187753512953387
"608",11.5,2,0.00131365176771226
"609",12,2,0.000900901256100286
"610",12.5,2,0.000590641162472213
"611",13,2,0.000369290338815124
"612",13.5,2,0.000227454220690334
"613",14,2,0.000143075698465017
"614",14.5,2,9.35547455178879e-05
"615",15,2,6.283284308331e-05
"616",-5,2.5,0.000436783001061054
"617",-4.5,2.5,0.000639604303882933
"618",-4,2.5,0.000929134748541587
"619",-3.5,2.5,0.00135781109038651
"620",-3,2.5,0.00196008244762787
"621",-2.5,2.5,0.00260053850463393
"622",-2,2.5,0.00344066050564132
"623",-1.5,2.5,0.00444152724669922
"624",-1,2.5,0.0056371069098988
"625",-0.5,2.5,0.00722011822378043
"626",0,2.5,0.00883640702556588
"627",0.5,2.5,0.0104183157887293
"628",1,2.5,0.0123338693060938
"629",1.5,2.5,0.014318406759984
"630",2,2.5,0.0162056610389729
"631",2.5,2.5,0.0181289732748424
"632",3,2.5,0.0199608897376073
"633",3.5,2.5,0.0212914879934134
"634",4,2.5,0.0217623837481854
"635",4.5,2.5,0.0213354513308578
"636",5,2.5,0.0201596581047873
"637",5.5,2.5,0.0189721165019935
"638",6,2.5,0.0177618950175665
"639",6.5,2.5,0.0151321428655184
"640",7,2.5,0.0128895791927982
"641",7.5,2.5,0.0112167000798087
"642",8,2.5,0.00938304923512517
"643",8.5,2.5,0.00748208865320938
"644",9,2.5,0.00616005534186892
"645",9.5,2.5,0.00513353383443577
"646",10,2.5,0.00389128086185916
"647",10.5,2.5,0.00275167276604615
"648",11,2.5,0.00194677680407477
"649",11.5,2.5,0.00136052011164148
"650",12,2.5,0.000955056451956939
"651",12.5,2.5,0.000639170607692611
"652",13,2.5,0.000396463158690837
"653",13.5,2.5,0.000239612880311082
"654",14,2.5,0.000148836700469207
"655",14.5,2.5,9.74176753006739e-05
"656",15,2.5,6.6436608824853e-05
"657",-5,3,0.000475619479950517
"658",-4.5,3,0.000582659783175168
"659",-4,3,0.000792526442139077
"660",-3.5,3,0.00116231063088241
"661",-3,3,0.00167942815680214
"662",-2.5,3,0.00232932627438903
"663",-2,3,0.00310421923920284
"664",-1.5,3,0.00404996946411455
"665",-1,3,0.00525702046359801
"666",-0.5,3,0.00669836895784502
"667",0,3,0.00791600647200048
"668",0.5,3,0.00948424240569281
"669",1,3,0.0114037088901302
"670",1.5,3,0.0131593844406335
"671",2,3,0.0148457005061524
"672",2.5,3,0.0166198015249079
"673",3,3,0.0184316817230677
"674",3.5,3,0.0199627362837354
"675",4,3,0.0203674909051475
"676",4.5,3,0.0198881868374801
"677",5,3,0.0187936322119134
"678",5.5,3,0.0178435622847491
"679",6,3,0.0166286870073077
"680",6.5,3,0.0141833761292043
"681",7,3,0.012207510228617
"682",7.5,3,0.0106829380044179
"683",8,3,0.00897194960494875
"684",8.5,3,0.0071363495044355
"685",9,3,0.00592959754594206
"686",9.5,3,0.0047621953637013
"687",10,3,0.00364007871147091
"688",10.5,3,0.00273021538588299
"689",11,3,0.00196356516461771
"690",11.5,3,0.00138390195153757
"691",12,3,0.000977992956944362
"692",12.5,3,0.000655107387847211
"693",13,3,0.000404719618259199
"694",13.5,3,0.00024178288633375
"695",14,3,0.000147696651946712
"696",14.5,3,9.51171829420459e-05
"697",15,3,6.42065137083256e-05
"698",-5,3.5,0.000454878859794151
"699",-4.5,3.5,0.000494662758206283
"700",-4,3.5,0.000646438511313298
"701",-3.5,3.5,0.000978537825099715
"702",-3,3.5,0.00144419879260335
"703",-2.5,3.5,0.00201163712515229
"704",-2,3.5,0.00267876709559016
"705",-1.5,3.5,0.00351453085740813
"706",-1,3.5,0.00459826440850978
"707",-0.5,3.5,0.00571517825087963
"708",0,3.5,0.00681622456327535
"709",0.5,3.5,0.00828936497545752
"710",1,3.5,0.0101323818623416
"711",1.5,3.5,0.0117870912931611
"712",2,3.5,0.0131440251940439
"713",2.5,3.5,0.014637212872354
"714",3,3.5,0.0163022871423086
"715",3.5,3.5,0.0178391641927866
"716",4,3.5,0.0182109732323262
"717",4.5,3.5,0.0177325692400227
"718",5,3.5,0.0166749830286319
"719",5.5,3.5,0.0158603532927393
"720",6,3.5,0.0144097066300414
"721",6.5,3.5,0.0125996057129275
"722",7,3.5,0.0111370856424419
"723",7.5,3.5,0.00973644676593198
"724",8,3.5,0.00814249864374792
"725",8.5,3.5,0.00661998542810433
"726",9,3.5,0.00544690037370734
"727",9.5,3.5,0.00437677755719178
"728",10,3.5,0.00338793105166231
"729",10.5,3.5,0.00256749670650424
"730",11,3.5,0.00189351112259717
"731",11.5,3.5,0.00138048459505153
"732",12,3.5,0.000953170782387382
"733",12.5,3.5,0.000617346496065257
"734",13,3.5,0.000383736677537912
"735",13.5,3.5,0.000231129757441474
"736",14,3.5,0.000139854726245225
"737",14.5,3.5,8.81012822284251e-05
"738",15,3.5,5.78930659716317e-05
"739",-5,4,0.000234695110137746
"740",-4.5,4,0.000339093121964452
"741",-4,4,0.000502162120620438
"742",-3.5,4,0.000775503418107267
"743",-3,4,0.00117142012760829
"744",-2.5,4,0.00163823047503144
"745",-2,4,0.00217908777932025
"746",-1.5,4,0.00288399938088506
"747",-1,4,0.0037280859317775
"748",-0.5,4,0.00465271710769549
"749",0,4,0.00566734739411164
"750",0.5,4,0.00690924981918926
"751",1,4,0.00837164430661429
"752",1.5,4,0.00980917549873468
"753",2,4,0.011089020963829
"754",2.5,4,0.012369380210036
"755",3,4,0.013666530583429
"756",3.5,4,0.014894449417013
"757",4,4,0.0154155598337071
"758",4.5,4,0.0153858246017728
"759",5,4,0.0143306064643842
"760",5.5,4,0.0134830335237426
"761",6,4,0.0124332783382845
"762",6.5,4,0.011139645807785
"763",7,4,0.00990575297807
"764",7.5,4,0.00868740818688206
"765",8,4,0.00721273195800941
"766",8.5,4,0.00600984045460201
"767",9,4,0.00505580776107419
"768",9.5,4,0.00398113541129303
"769",10,4,0.00311195371412649
"770",10.5,4,0.00236043831003144
"771",11,4,0.00174590079395783
"772",11.5,4,0.00126835850837953
"773",12,4,0.000859660675092191
"774",12.5,4,0.000550914951326793
"775",13,4,0.000346069101470842
"776",13.5,4,0.000211015220257316
"777",14,4,0.000127949475708764
"778",14.5,4,7.98632850539253e-05
"779",15,4,5.1350328659723e-05
"780",-5,4.5,0.000169871291845704
"781",-4.5,4.5,0.000252224655628089
"782",-4,4.5,0.000373868019828645
"783",-3.5,4.5,0.000565599285225844
"784",-3,4.5,0.000863403028377656
"785",-2.5,4.5,0.00124707432998919
"786",-2,4.5,0.00171081216394194
"787",-1.5,4.5,0.00229805089422932
"788",-1,4.5,0.00296206000481695
"789",-0.5,4.5,0.00370470107620797
"790",0,4.5,0.00455974381294713
"791",0.5,4.5,0.00566644368442957
"792",1,4.5,0.00676283814019506
"793",1.5,4.5,0.0078586179226785
"794",2,4.5,0.00887587008924374
"795",2.5,4.5,0.00997808638471429
"796",3,4.5,0.0109586103764091
"797",3.5,4.5,0.0118915052747271
"798",4,4.5,0.0123968962102844
"799",4.5,4.5,0.0123121530621753
"800",5,4.5,0.0116414757771168
"801",5.5,4.5,0.0108915546767368
"802",6,4.5,0.0102208235061626
"803",6.5,4.5,0.00958822184463939
"804",7,4.5,0.00870462110456765
"805",7.5,4.5,0.00748139136720218
"806",8,4.5,0.00621985859673914
"807",8.5,4.5,0.00512446351820101
"808",9,4.5,0.00422602514859048
"809",9.5,4.5,0.00340879668985244
"810",10,4.5,0.00271431087431828
"811",10.5,4.5,0.00205858120143834
"812",11,4.5,0.00149866840679235
"813",11.5,4.5,0.00106724258516651
"814",12,4.5,0.000731795714811517
"815",12.5,4.5,0.000480983829247074
"816",13,4.5,0.000304840587924423
"817",13.5,4.5,0.000187551943571433
"818",14,4.5,0.000115589505487947
"819",14.5,4.5,7.33245413915071e-05
"820",15,4.5,4.72609836330244e-05
"821",-5,5,0.000125983859720184
"822",-4.5,5,0.000186431450037842
"823",-4,5,0.000273809977931323
"824",-3.5,5,0.000404241731534751
"825",-3,5,0.000603505983959584
"826",-2.5,5,0.000896121076584171
"827",-2,5,0.00131199991226288
"828",-1.5,5,0.00179242759835968
"829",-1,5,0.00227227954220184
"830",-0.5,5,0.00283736439159978
"831",0,5,0.00354860734217117
"832",0.5,5,0.00462431032351221
"833",1,5,0.00525341299269295
"834",1.5,5,0.00614124232438952
"835",2,5,0.00692497763488862
"836",2.5,5,0.00758372326227634
"837",3,5,0.00836250236957886
"838",3.5,5,0.00924997864502807
"839",4,5,0.00977036864636576
"840",4.5,5,0.00949443128812891
"841",5,5,0.00912797323486054
"842",5.5,5,0.00864039582472838
"843",6,5,0.00821707103919255
"844",6.5,5,0.00795393654390749
"845",7,5,0.00710208083377403
"846",7.5,5,0.00606231840531222
"847",8,5,0.00517246678106016
"848",8.5,5,0.00422570631553571
"849",9,5,0.00353658406984674
"850",9.5,5,0.00281549486635335
"851",10,5,0.00223365914871749
"852",10.5,5,0.00172131111032692
"853",11,5,0.00126276684528452
"854",11.5,5,0.000895620902578856
"855",12,5,0.000622986513276387
"856",12.5,5,0.000416396582217689
"857",13,5,0.000265509053615001
"858",13.5,5,0.000165513886295609
"859",14,5,0.000105005818497703
"860",14.5,5,6.8895062221726e-05
"861",15,5,4.52779594713066e-05
"862",-5,5.5,9.16285140783553e-05
"863",-4.5,5.5,0.000135094418672848
"864",-4,5.5,0.000197400692414714
"865",-3.5,5.5,0.000288370811409068
"866",-3,5.5,0.000423451924528096
"867",-2.5,5.5,0.000631436159535335
"868",-2,5.5,0.000950668285845865
"869",-1.5,5.5,0.00130884806727216
"870",-1,5.5,0.00165337671168776
"871",-0.5,5.5,0.00208796997520746
"872",0,5.5,0.00263138966519535
"873",0.5,5.5,0.00328266186302056
"874",1,5.5,0.00377628876695987
"875",1.5,5.5,0.0044430850638108
"876",2,5.5,0.00508417049616367
"877",2.5,5.5,0.00559856024671908
"878",3,5.5,0.00611648383789385
"879",3.5,5.5,0.00676382226487287
"880",4,5.5,0.00723720490887434
"881",4.5,5.5,0.00707384084804218
"882",5,5.5,0.0069305072177919
"883",5.5,5.5,0.00671952836876264
"884",6,5.5,0.00631275073255475
"885",6.5,5.5,0.00592096204201779
"886",7,5.5,0.00540263266955349
"887",7.5,5.5,0.0047955895594183
"888",8,5.5,0.00410247511826547
"889",8.5,5.5,0.0033529923686104
"890",9,5.5,0.00286007090967658
"891",9.5,5.5,0.00226792110746514
"892",10,5.5,0.00179723794552312
"893",10.5,5.5,0.00142160480783542
"894",11,5.5,0.00106163218374192
"895",11.5,5.5,0.000751144742743473
"896",12,5.5,0.000526784096559547
"897",12.5,5.5,0.00035598436419958
"898",13,5.5,0.000229496799205776
"899",13.5,5.5,0.000146121870997882
"900",14,5.5,9.5860953410703e-05
"901",14.5,5.5,6.48811320387761e-05
"902",15,5.5,4.31775500427274e-05
"903",-5,6,6.47680438414895e-05
"904",-4.5,6,9.52139635194034e-05
"905",-4,6,0.000138649974882545
"906",-3.5,6,0.000201394096541025
"907",-3,6,0.00029286128149997
"908",-2.5,6,0.000428100593844205
"909",-2,6,0.000625194107791553
"910",-1.5,6,0.000864264571570336
"911",-1,6,0.00113008674420664
"912",-0.5,6,0.0014662660246933
"913",0,6,0.00187084998052729
"914",0.5,6,0.00223640840533855
"915",1,6,0.0025879262429641
"916",1.5,6,0.00302072736360393
"917",2,6,0.00349341037707029
"918",2.5,6,0.00392128087431053
"919",3,6,0.0042963660997683
"920",3.5,6,0.0046422676770839
"921",4,6,0.00490928721079323
"922",4.5,6,0.00499402215527173
"923",5,6,0.00493305612880429
"924",5.5,6,0.00484382985812152
"925",6,6,0.0045636272385456
"926",6.5,6,0.00435011511124861
"927",7,6,0.00410082460388041
"928",7.5,6,0.00366464175784456
"929",8,6,0.00308069156449188
"930",8.5,6,0.00251883380947949
"931",9,6,0.00209074948358845
"932",9.5,6,0.00172400113228394
"933",10,6,0.00138218676527341
"934",10.5,6,0.00109784995666815
"935",11,6,0.000841582092865384
"936",11.5,6,0.000615507209663307
"937",12,6,0.000437278018875187
"938",12.5,6,0.000297218315004148
"939",13,6,0.000194223591138128
"940",13.5,6,0.000126924492529949
"941",14,6,8.59147283624956e-05
"942",14.5,6,5.91753230680963e-05
"943",15,6,3.9126428992427e-05
"944",-5,6.5,4.42552663085934e-05
"945",-4.5,6.5,6.48852246977349e-05
"946",-4,6.5,9.41826204093366e-05
"947",-3.5,6.5,0.000136066029322169
"948",-3,6.5,0.000196070779904517
"949",-2.5,6.5,0.000281368551007159
"950",-2,6.5,0.000399283234743932
"951",-1.5,6.5,0.00055171412726735
"952",-1,6.5,0.000739669680618648
"953",-0.5,6.5,0.000975264276254361
"954",0,6.5,0.00125507861398506
"955",0.5,6.5,0.00151291695493417
"956",1,6.5,0.00174729564610627
"957",1.5,6.5,0.00201972360428302
"958",2,6.5,0.00232417959140486
"959",2.5,6.5,0.00261855644557589
"960",3,6.5,0.00288344395329742
"961",3.5,6.5,0.00313353516528497
"962",4,6.5,0.00334299610944962
"963",4.5,6.5,0.00338271657022857
"964",5,6.5,0.00331890658137027
"965",5.5,6.5,0.00322479651000291
"966",6,6.5,0.003156446178774
"967",6.5,6.5,0.00309649019879152
"968",7,6.5,0.00296306517830744
"969",7.5,6.5,0.00265518665099096
"970",8,6.5,0.00222209841913794
"971",8.5,6.5,0.00182753813610032
"972",9,6.5,0.00152094441904913
"973",9.5,6.5,0.00125370728732335
"974",10,6.5,0.00101480120011259
"975",10.5,6.5,0.00082552975303975
"976",11,6.5,0.00065904627903454
"977",11.5,6.5,0.000497378463284258
"978",12,6.5,0.000350052155077285
"979",12.5,6.5,0.000235166289261536
"980",13,6.5,0.000155404685331067
"981",13.5,6.5,0.000104523287358393
"982",14,6.5,7.27870057745457e-05
"983",14.5,6.5,5.04642645431858e-05
"984",15,6.5,3.26933526842284e-05
"985",-5,7,2.91155512121794e-05
"986",-4.5,7,4.25680740078087e-05
"987",-4,7,6.15644196722761e-05
"988",-3.5,7,8.84681231155483e-05
"989",-3,7,0.000126504695954581
"990",-2.5,7,0.000179656032924537
"991",-2,7,0.000251996456023364
"992",-1.5,7,0.000346683231856613
"993",-1,7,0.00046669834129106
"994",-0.5,7,0.000618187464302747
"995",0,7,0.000799635872843477
"996",0.5,7,0.000981430444778546
"997",1,7,0.0011552492459547
"998",1.5,7,0.00133241578440333
"999",2,7,0.00150636722250425
"1000",2.5,7,0.00167947810985035
"1001",3,7,0.00185070954344106
"1002",3.5,7,0.00206319220842184
"1003",4,7,0.00234810716898039
"1004",4.5,7,0.0022114899923193
"1005",5,7,0.00215083656273808
"1006",5.5,7,0.00211658059983405
"1007",6,7,0.00211119106834233
"1008",6.5,7,0.00207896733858314
"1009",7,7,0.00198553489977446
"1010",7.5,7,0.00179908814146574
"1011",8,7,0.00152719084936752
"1012",8.5,7,0.00126790133853124
"1013",9,7,0.00105463437353818
"1014",9.5,7,0.000869225422035042
"1015",10,7,0.000729814998900515
"1016",10.5,7,0.000635005354070062
"1017",11,7,0.00051054047234614
"1018",11.5,7,0.000372642258220242
"1019",12,7,0.00025452073433316
"1020",12.5,7,0.000168919648785089
"1021",13,7,0.000113290899513468
"1022",13.5,7,7.85533770742265e-05
"1023",14,7,5.60396624196169e-05
"1024",14.5,7,3.88796640581107e-05
"1025",15,7,2.4597648812595e-05
"1026",-5,7.5,1.83764942264828e-05
"1027",-4.5,7.5,2.67990617581476e-05
"1028",-4,7.5,3.86141530915282e-05
"1029",-3.5,7.5,5.52240076553942e-05
"1030",-3,7.5,7.851571641552e-05
"1031",-2.5,7.5,0.000110792080563804
"1032",-2,7.5,0.000154441758859446
"1033",-1.5,7.5,0.000211492172315519
"1034",-1,7.5,0.000283687830947294
"1035",-0.5,7.5,0.000373136551087086
"1036",0,7.5,0.000479604073226084
"1037",0.5,7.5,0.000599038948124614
"1038",1,7.5,0.000730334086379663
"1039",1.5,7.5,0.000849875320265267
"1040",2,7.5,0.000944068098918732
"1041",2.5,7.5,0.00104278166747859
"1042",3,7.5,0.00116019973459607
"1043",3.5,7.5,0.00129614345918588
"1044",4,7.5,0.00141504622266575
"1045",4.5,7.5,0.00137292460053461
"1046",5,7.5,0.00134626941975578
"1047",5.5,7.5,0.00133371694246855
"1048",6,7.5,0.00133378540639849
"1049",6.5,7.5,0.00131649459569465
"1050",7,7.5,0.00126480382097436
"1051",7.5,7.5,0.00116064201712228
"1052",8,7.5,0.00100185839900209
"1053",8.5,7.5,0.00083963430473511
"1054",9,7.5,0.000697084610735592
"1055",9.5,7.5,0.00057224679443256
"1056",10,7.5,0.000484648255265282
"1057",10.5,7.5,0.000425943266536273
"1058",11,7.5,0.000332945503640783
"1059",11.5,7.5,0.000234974680497718
"1060",12,7.5,0.000160574333734277
"1061",12.5,7.5,0.00010826806559346
"1062",13,7.5,7.42119508586122e-05
"1063",13.5,7.5,5.2703096980005e-05
"1064",14,7.5,3.8090682771379e-05
"1065",14.5,7.5,2.62908730819482e-05
"1066",15,7.5,1.62913280308613e-05
"1067",-5,8,1.1095555249055e-05
"1068",-4.5,8,1.61619139102423e-05
"1069",-4,8,2.32266073085408e-05
"1070",-3.5,8,3.31115145717178e-05
"1071",-3,8,4.69281716044451e-05
"1072",-2.5,8,6.60243577305505e-05
"1073",-2,8,9.17766273236199e-05
"1074",-1.5,8,0.000125287482448681
"1075",-1,8,0.000167206627338169
"1076",-0.5,8,0.000217682473335008
"1077",0,8,0.00027651749735414
"1078",0.5,8,0.000345838796208357
"1079",1,8,0.000426843144368903
"1080",1.5,8,0.000501746607482444
"1081",2,8,0.000561729542810769
"1082",2.5,8,0.000626652076371801
"1083",3,8,0.000709660810373136
"1084",3.5,8,0.000800316617712239
"1085",4,8,0.000846458573123234
"1086",4.5,8,0.000839280799144526
"1087",5,8,0.000825786131774187
"1088",5.5,8,0.000818337284071078
"1089",6,8,0.000814327489409842
"1090",6.5,8,0.000808563136716081
"1091",7,8,0.000791355708468028
"1092",7.5,8,0.000739314485931261
"1093",8,8,0.000644256816747783
"1094",8.5,8,0.000538224828867164
"1095",9,8,0.000442810295031088
"1096",9.5,8,0.000358488650233541
"1097",10,8,0.000290222747981996
"1098",10.5,8,0.00023659758635267
"1099",11,8,0.000181203341322664
"1100",11.5,8,0.000130946923773799
"1101",12,8,9.21434174236413e-05
"1102",12.5,8,6.35887258257176e-05
"1103",13,8,4.41370445624632e-05
"1104",13.5,8,3.14691946942007e-05
"1105",14,8,2.25978835614864e-05
"1106",14.5,8,1.53779021487023e-05
"1107",15,8,9.36610647078694e-06
"1108",-5,8.5,6.39920781226424e-06
"1109",-4.5,8.5,9.33423839850504e-06
"1110",-4,8.5,1.34144841625968e-05
"1111",-3.5,8.5,1.91166165234106e-05
"1112",-3,8.5,2.7092501912251e-05
"1113",-2.5,8.5,3.81256519606734e-05
"1114",-2,8.5,5.29876863428294e-05
"1115",-1.5,8.5,7.2224693687131e-05
"1116",-1,8.5,9.59925126951546e-05
"1117",-0.5,8.5,0.000124027437687849
"1118",0,8.5,0.000155937147642239
"1119",0.5,8.5,0.000192333694614206
"1120",1,8.5,0.000233870648816852
"1121",1.5,8.5,0.000276376230398992
"1122",2,8.5,0.000317388951273558
"1123",2.5,8.5,0.000361462029266198
"1124",3,8.5,0.000412578022504901
"1125",3.5,8.5,0.000465096504874294
"1126",4,8.5,0.00049466364423677
"1127",4.5,8.5,0.000497863572111926
"1128",5,8.5,0.000495261606351223
"1129",5.5,8.5,0.000492223980100819
"1130",6,8.5,0.000488895210149843
"1131",6.5,8.5,0.000488736714382459
"1132",7,8.5,0.000488978251474281
"1133",7.5,8.5,0.000466294928136368
"1134",8,8.5,0.000406526271947448
"1135",8.5,8.5,0.000334686705341178
"1136",9,8.5,0.000271589095176819
"1137",9.5,8.5,0.000216859489549063
"1138",10,8.5,0.000169618075788551
"1139",10.5,8.5,0.000130647567611876
"1140",11,8.5,9.83498770804714e-05
"1141",11.5,8.5,7.19348410234032e-05
"1142",12,8.5,5.10025538746554e-05
"1143",12.5,8.5,3.52289894393392e-05
"1144",13,8.5,2.42223815396441e-05
"1145",13.5,8.5,1.69053306686935e-05
"1146",14,8.5,1.17990053109927e-05
"1147",14.5,8.5,7.82757035507502e-06
"1148",15,8.5,4.69264383601057e-06
"1149",-5,9,3.52419004706365e-06
"1150",-4.5,9,5.16524846046217e-06
"1151",-4,9,7.45010417408833e-06
"1152",-3.5,9,1.06514549774769e-05
"1153",-3,9,1.51435519806544e-05
"1154",-2.5,9,2.13675565800014e-05
"1155",-2,9,2.97345816310743e-05
"1156",-1.5,9,4.0489737027933e-05
"1157",-1,9,5.36139572883605e-05
"1158",-0.5,9,6.88454935871282e-05
"1159",0,9,8.58688921171807e-05
"1160",0.5,9,0.000104680934575702
"1161",1,9,0.000125630782759021
"1162",1.5,9,0.000148676158605679
"1163",2,9,0.000173611678639471
"1164",2.5,9,0.000200588962382238
"1165",3,9,0.000229216843236769
"1166",3.5,9,0.000256346790872376
"1167",4,9,0.000275201528924703
"1168",4.5,9,0.000284172255566934
"1169",5,9,0.000287509726221881
"1170",5.5,9,0.000287357012443454
"1171",6,9,0.000285319519558042
"1172",6.5,9,0.000284765397872013
"1173",7,9,0.000285533852517263
"1174",7.5,9,0.000273810304858664
"1175",8,9,0.000239716477697623
"1176",8.5,9,0.00019738180654868
"1177",9,9,0.000159550096384812
"1178",9.5,9,0.000126342170410461
"1179",10,9,9.72552261992137e-05
"1180",10.5,9,7.31473681603575e-05
"1181",11,9,5.39588747417563e-05
"1182",11.5,9,3.88832991670232e-05
"1183",12,9,2.71977059994505e-05
"1184",12.5,9,1.84955040561062e-05
"1185",13,9,1.24033458096965e-05
"1186",13.5,9,8.32852701531156e-06
"1187",14,9,5.55984619490613e-06
"1188",14.5,9,3.56055832181623e-06
"1189",15,9,2.09990812974084e-06
"1190",-5,9.5,1.85404199285553e-06
"1191",-4.5,9.5,2.73968131850492e-06
"1192",-4,9.5,3.98020067528249e-06
"1193",-3.5,9.5,5.72780899726348e-06
"1194",-3,9.5,8.18933630664764e-06
"1195",-2.5,9.5,1.160078541092e-05
"1196",-2,9.5,1.61661946860836e-05
"1197",-1.5,9.5,2.19801550184733e-05
"1198",-1,9.5,2.89820086984675e-05
"1199",-0.5,9.5,3.69916057908283e-05
"1200",0,9.5,4.58376198948235e-05
"1201",0.5,9.5,5.55285253871772e-05
"1202",1,9.5,6.63272215813265e-05
"1203",1.5,9.5,7.85814392593657e-05
"1204",2,9.5,9.24535193238648e-05
"1205",2.5,9.5,0.00010773326767267
"1206",3,9.5,0.000123572230431459
"1207",3.5,9.5,0.000138201212067665
"1208",4,9.5,0.000149504945910388
"1209",4.5,9.5,0.000156660773773862
"1210",5,9.5,0.000160282781348201
"1211",5.5,9.5,0.000161173574214694
"1212",6,9.5,0.000160091630354838
"1213",6.5,9.5,0.00015812120248922
"1214",7,9.5,0.000155182595091418
"1215",7.5,9.5,0.000146835258276393
"1216",8,9.5,0.00012989709363885
"1217",8.5,9.5,0.000109035441927768
"1218",9,9.5,8.88338601042033e-05
"1219",9.5,9.5,7.00904738613957e-05
"1220",10,9.5,5.33808943700914e-05
"1221",10.5,9.5,3.94770373176166e-05
"1222",11,9.5,2.85191498252282e-05
"1223",11.5,9.5,2.0116790025069e-05
"1224",12,9.5,1.37914000595308e-05
"1225",12.5,9.5,9.17877953355353e-06
"1226",13,9.5,5.97336979926423e-06
"1227",13.5,9.5,3.84182655567522e-06
"1228",14,9.5,2.44135465638108e-06
"1229",14.5,9.5,1.50277176651408e-06
"1230",15,9.5,8.70922801900176e-07
"1231",-5,10,9.32284480935312e-07
"1232",-4.5,10,1.39249277285457e-06
"1233",-4,10,2.0427764318113e-06
"1234",-3.5,10,2.96470195449841e-06
"1235",-3,10,4.26676153972623e-06
"1236",-2.5,10,6.06768486794127e-06
"1237",-2,10,8.461139767573e-06
"1238",-1.5,10,1.14757100406732e-05
"1239",-1,10,1.50581841409785e-05
"1240",-0.5,10,1.91054922207544e-05
"1241",0,10,2.35445591907239e-05
"1242",0.5,10,2.84213576692733e-05
"1243",1,10,3.3930069295205e-05
"1244",1.5,10,4.03219937788579e-05
"1245",2,10,4.77195144661879e-05
"1246",2.5,10,5.5940726554985e-05
"1247",3,10,6.44013448288505e-05
"1248",3.5,10,7.21836666016248e-05
"1249",4,10,7.84149750378584e-05
"1250",4.5,10,8.27241564804172e-05
"1251",5,10,8.52481388826234e-05
"1252",5.5,10,8.62451168797836e-05
"1253",6,10,8.58361573473866e-05
"1254",6.5,10,8.40482389989885e-05
"1255",7,10,8.07092687917313e-05
"1256",7.5,10,7.50684660647833e-05
"1257",8,10,6.67633175399943e-05
"1258",8.5,10,5.68754209740461e-05
"1259",9,10,4.66212739654819e-05
"1260",9.5,10,3.6697788711493e-05
"1261",10,10,2.77411681997092e-05
"1262",10.5,10,2.02468319213605e-05
"1263",11,10,1.43534291488568e-05
"1264",11.5,10,9.90464549518066e-06
"1265",12,10,6.63909977487461e-06
"1266",12.5,10,4.31433642963075e-06
"1267",13,10,2.72552552093963e-06
"1268",13.5,10,1.68568141698955e-06
"1269",14,10,1.02463133287205e-06
"1270",14.5,10,6.0762492616063e-07
"1271",15,10,3.45826841012262e-07
"1272",-5,10.5,4.48198029065039e-07
"1273",-4.5,10.5,6.77533660705266e-07
"1274",-4,10.5,1.0045521995197e-06
"1275",-3.5,10.5,1.47058138155287e-06
"1276",-3,10.5,2.1290994115038e-06
"1277",-2.5,10.5,3.03610001565797e-06
"1278",-2,10.5,4.23163180937105e-06
"1279",-1.5,10.5,5.72095385598532e-06
"1280",-1,10.5,7.47022971025121e-06
"1281",-0.5,10.5,9.4283491332505e-06
"1282",0,10.5,1.15712746260387e-05
"1283",0.5,10.5,1.39454193985466e-05
"1284",1,10.5,1.66740991161991e-05
"1285",1.5,10.5,1.98999814809288e-05
"1286",2,10.5,2.36765973998442e-05
"1287",2.5,10.5,2.78706484307065e-05
"1288",3,10.5,3.21446904753938e-05
"1289",3.5,10.5,3.60561905760154e-05
"1290",4,10.5,3.92445788387176e-05
"1291",4.5,10.5,4.15727750934214e-05
"1292",5,10.5,4.30832577419005e-05
"1293",5.5,10.5,4.38201850411659e-05
"1294",6,10.5,4.37136446039774e-05
"1295",6.5,10.5,4.26238179320926e-05
"1296",7,10.5,4.04464806883294e-05
"1297",7.5,10.5,3.71627486268143e-05
"1298",8,10.5,3.29185803817692e-05
"1299",8.5,10.5,2.80602862137681e-05
"1300",9,10.5,2.2981400373345e-05
"1301",9.5,10.5,1.80431934340286e-05
"1302",10,10.5,1.35771737856222e-05
"1303",10.5,10.5,9.82161652456117e-06
"1304",11,10.5,6.8613507123877e-06
"1305",11.5,10.5,4.64329911113086e-06
"1306",12,10.5,3.04420741860728e-06
"1307",12.5,10.5,1.9312660178089e-06
"1308",13,10.5,1.18694051663823e-06
"1309",13.5,10.5,7.10339772791045e-07
"1310",14,10.5,4.16402422474014e-07
"1311",14.5,10.5,2.39192718194602e-07
"1312",15,10.5,1.33644476034747e-07
"1313",-5,11,2.05951062140509e-07
"1314",-4.5,11,3.15083650180592e-07
"1315",-4,11,4.71876920318569e-07
"1316",-3.5,11,6.95924271153021e-07
"1317",-3,11,1.01185699942322e-06
"1318",-2.5,11,1.44445752048371e-06
"1319",-2,11,2.00996454176308e-06
"1320",-1.5,11,2.70797354597648e-06
"1321",-1,11,3.52107699937345e-06
"1322",-0.5,11,4.42707729455587e-06
"1323",0,11,5.42077929502856e-06
"1324",0.5,11,6.53304052411602e-06
"1325",1,11,7.82995299442699e-06
"1326",1.5,11,9.38077225346465e-06
"1327",2,11,1.12029725933532e-05
"1328",2.5,11,1.32177211967386e-05
"1329",3,11,1.52546028773192e-05
"1330",3.5,11,1.71152314940969e-05
"1331",4,11,1.86575211374368e-05
"1332",4.5,11,1.98342293266506e-05
"1333",5,11,2.06502518447004e-05
"1334",5.5,11,2.10822588498455e-05
"1335",6,11,2.10460139440337e-05
"1336",6.5,11,2.04440539009093e-05
"1337",7,11,1.92418782959798e-05
"1338",7.5,11,1.75034258708701e-05
"1339",8,11,1.53715491356325e-05
"1340",8.5,11,1.30214068667694e-05
"1341",9,11,1.06206542838423e-05
"1342",9.5,11,8.3186123904801e-06
"1343",10,11,6.24528231151252e-06
"1344",10.5,11,4.49578710560914e-06
"1345",11,11,3.11060245743331e-06
"1346",11.5,11,2.07409682775435e-06
"1347",12,11,1.33446944755476e-06
"1348",12.5,11,8.28584805159324e-07
"1349",13,11,4.97158473891086e-07
"1350",13.5,11,2.89597994186503e-07
"1351",14,11,1.64894651977593e-07
"1352",14.5,11,9.21920263451144e-08
"1353",15,11,5.05274198377778e-08
"1354",-5,11.5,9.03671569636739e-08
"1355",-4.5,11.5,1.39781904818899e-07
"1356",-4,11.5,2.11139576118033e-07
"1357",-3.5,11.5,3.13095120038821e-07
"1358",-3,11.5,4.56233410563444e-07
"1359",-2.5,11.5,6.50885436677936e-07
"1360",-2,11.5,9.03449323574543e-07
"1361",-1.5,11.5,1.21321492050893e-06
"1362",-1,11.5,1.57275452197365e-06
"1363",-0.5,11.5,1.9737120680216e-06
"1364",0,11.5,2.41625608891782e-06
"1365",0.5,11.5,2.91653373640087e-06
"1366",1,11.5,3.50487421285785e-06
"1367",1.5,11.5,4.2105683236623e-06
"1368",2,11.5,5.03782249143338e-06
"1369",2.5,11.5,5.94810356152892e-06
"1370",3,11.5,6.865755944581e-06
"1371",3.5,11.5,7.70842689313529e-06
"1372",4,11.5,8.42082901045082e-06
"1373",4.5,11.5,8.98299083139272e-06
"1374",5,11.5,9.38557197571973e-06
"1375",5.5,11.5,9.59823699522595e-06
"1376",6,11.5,9.56640113646434e-06
"1377",6.5,11.5,9.24287493825164e-06
"1378",7,11.5,8.62523466588556e-06
"1379",7.5,11.5,7.76640295604147e-06
"1380",8,11.5,6.75355952976612e-06
"1381",8.5,11.5,5.67627354757992e-06
"1382",9,11.5,4.60710606931925e-06
"1383",9.5,11.5,3.60096609399718e-06
"1384",10,11.5,2.70152986460541e-06
"1385",10.5,11.5,1.94155884073936e-06
"1386",11,11.5,1.33691598097701e-06
"1387",11.5,11.5,8.83309011967207e-07
"1388",12,11.5,5.60804708309112e-07
"1389",12.5,11.5,3.42521042978488e-07
"1390",13,11.5,2.01673222164761e-07
"1391",13.5,11.5,1.15013236284835e-07
"1392",14,11.5,6.3983784740937e-08
"1393",14.5,11.5,3.49441907530963e-08
"1394",15,11.5,1.87681679273421e-08
"1395",-5,12,3.78018100852724e-08
"1396",-4.5,12,5.90387882478133e-08
"1397",-4,12,8.97919341873899e-08
"1398",-3.5,12,1.33628524275315e-07
"1399",-3,12,1.94803410540363e-07
"1400",-2.5,12,2.77394720498629e-07
"1401",-2,12,3.83906109116934e-07
"1402",-1.5,12,5.14133997360169e-07
"1403",-1,12,6.65476093537984e-07
"1404",-0.5,12,8.35310955745096e-07
"1405",0,12,1.02463241169147e-06
"1406",0.5,12,1.24063454938898e-06
"1407",1,12,1.49551632914645e-06
"1408",1.5,12,1.80020301100175e-06
"1409",2,12,2.15511128204339e-06
"1410",2.5,12,2.54391868055814e-06
"1411",3,12,2.93650922836654e-06
"1412",3.5,12,3.30090914459538e-06
"1413",4,12,3.61514692694033e-06
"1414",4.5,12,3.86830882456947e-06
"1415",5,12,4.04997576591853e-06
"1416",5.5,12,4.13988233203369e-06
"1417",6,12,4.11077369161729e-06
"1418",6.5,12,3.9443220740188e-06
"1419",7,12,3.64645057608758e-06
"1420",7.5,12,3.24890327435502e-06
"1421",8,12,2.79655149857673e-06
"1422",8.5,12,2.33108039613272e-06
"1423",9,12,1.88205918298173e-06
"1424",9.5,12,1.46798472699137e-06
"1425",10,12,1.10153478501494e-06
"1426",10.5,12,7.92223399523391e-07
"1427",11,12,5.45086354445385e-07
"1428",11.5,12,3.58798234294974e-07
"1429",12,12,2.26171876734445e-07
"1430",12.5,12,1.36742102685764e-07
"1431",13,12,7.95065429989856e-08
"1432",13.5,12,4.46707469536767e-08
"1433",14,12,2.44188993994794e-08
"1434",14.5,12,1.30750147928834e-08
"1435",15,12,6.88199252105759e-09
"1436",-5,12.5,1.50449185260999e-08
"1437",-4.5,12.5,2.36947855152143e-08
"1438",-4,12.5,3.62374914307784e-08
"1439",-3.5,12.5,5.40535548302553e-08
"1440",-3,12.5,7.87532685086438e-08
"1441",-2.5,12.5,1.11871633681354e-07
"1442",-2,12.5,1.5439083609538e-07
"1443",-1.5,12.5,2.06373775491617e-07
"1444",-1,12.5,2.67115033265737e-07
"1445",-0.5,12.5,3.36005361877411e-07
"1446",0,12.5,4.13780004446278e-07
"1447",0.5,12.5,5.033093829703e-07
"1448",1,12.5,6.09005623890701e-07
"1449",1.5,12.5,7.34503060335107e-07
"1450",2,12.5,8.7947142278334e-07
"1451",2.5,12.5,1.03762106880638e-06
"1452",3,12.5,1.19786110406628e-06
"1453",3.5,12.5,1.34832267570175e-06
"1454",4,12.5,1.48004757262899e-06
"1455",4.5,12.5,1.5868984810007e-06
"1456",5,12.5,1.66194296212152e-06
"1457",5.5,12.5,1.6947588169189e-06
"1458",6,12.5,1.67386797563229e-06
"1459",6.5,12.5,1.59344978538956e-06
"1460",7,12.5,1.45885027239373e-06
"1461",7.5,12.5,1.28609924208908e-06
"1462",8,12.5,1.09573328872159e-06
"1463",8.5,12.5,9.05556869826081e-07
"1464",9,12.5,7.26935614787368e-07
"1465",9.5,12.5,5.65622527037177e-07
"1466",10,12.5,4.24613949658254e-07
"1467",10.5,12.5,3.06009895669546e-07
"1468",11,12.5,2.10972897746243e-07
"1469",11.5,12.5,1.38941730994742e-07
"1470",12,12.5,8.74274900197749e-08
"1471",12.5,12.5,5.26399377658929e-08
"1472",13,12.5,3.04139170075776e-08
"1473",13.5,12.5,1.69401036061893e-08
"1474",14,12.5,9.15192902789439e-09
"1475",14.5,12.5,4.82587231050545e-09
"1476",15,12.5,2.49399720004024e-09
"1477",-5,13,5.68477344499145e-09
"1478",-4.5,13,9.02121284391736e-09
"1479",-4,13,1.38644864193504e-08
"1480",-3.5,13,2.07212262137192e-08
"1481",-3,13,3.01710331963214e-08
"1482",-2.5,13,4.27694473227226e-08
"1483",-2,13,5.89005245849296e-08
"1484",-1.5,13,7.86694491672548e-08
"1485",-1,13,1.0196233024577e-07
"1486",-0.5,13,1.28728674017715e-07
"1487",0,13,1.59368599424213e-07
"1488",0.5,13,1.94944667512112e-07
"1489",1,13,2.36929270962881e-07
"1490",1.5,13,2.86413217930884e-07
"1491",2,13,3.43087568655655e-07
"1492",2.5,13,4.04647712050239e-07
"1493",3,13,4.67179308085434e-07
"1494",3.5,13,5.26373437961478e-07
"1495",4,13,5.78574715548316e-07
"1496",4.5,13,6.20683737821173e-07
"1497",5,13,6.49130316880189e-07
"1498",5.5,13,6.59375170170339e-07
"1499",6,13,6.47163829159572e-07
"1500",6.5,13,6.11032252315368e-07
"1501",7,13,5.5409295065548e-07
"1502",7.5,13,4.83493358188184e-07
"1503",8,13,4.07792599524222e-07
"1504",8.5,13,3.34062849959091e-07
"1505",9,13,2.664662416548e-07
"1506",9.5,13,2.0667284417547e-07
"1507",10,13,1.55142320101325e-07
"1508",10.5,13,1.1206522387189e-07
"1509",11,13,7.75220925440787e-08
"1510",11.5,13,5.12155533462746e-08
"1511",12,13,3.22931572780372e-08
"1512",12.5,13,1.94546591256511e-08
"1513",13,13,1.12277616475415e-08
"1514",13.5,13,6.23328207429342e-09
"1515",14,13,3.34633206735528e-09
"1516",14.5,13,1.74642006742174e-09
"1517",15,13,8.89454593595995e-10
"1518",-5,13.5,2.03535622461125e-09
"1519",-4.5,13.5,3.25385058784319e-09
"1520",-4,13.5,5.02627689804405e-09
"1521",-3.5,13.5,7.53107034474873e-09
"1522",-3,13.5,1.09691543519472e-08
"1523",-2.5,13.5,1.55356344013262e-08
"1524",-2,13.5,2.13781478674062e-08
"1525",-1.5,13.5,2.85681138375857e-08
"1526",-1,13.5,3.71213177670289e-08
"1527",-0.5,13.5,4.70822934824361e-08
"1528",0,13.5,5.86343865817741e-08
"1529",0.5,13.5,7.21490351269042e-08
"1530",1,13.5,8.80891299298876e-08
"1531",1.5,13.5,1.06752992020874e-07
"1532",2,13.5,1.27963247640696e-07
"1533",2.5,13.5,1.50894044930573e-07
"1534",3,13.5,1.74187200729061e-07
"1535",3.5,13.5,1.96297140428994e-07
"1536",4,13.5,2.15778311028546e-07
"1537",4.5,13.5,2.31258288786778e-07
"1538",5,13.5,2.41192727984077e-07
"1539",5.5,13.5,2.43838040258287e-07
"1540",6,13.5,2.37770780410646e-07
"1541",6.5,13.5,2.22741846093994e-07
"1542",7,13.5,2.00211762962367e-07
"1543",7.5,13.5,1.73057954105322e-07
"1544",8,13.5,1.44571702138161e-07
"1545",8.5,13.5,1.17389669124705e-07
"1546",9,13.5,9.29789500768576e-08
"1547",9.5,13.5,7.18052980801516e-08
"1548",10,13.5,5.3837564322463e-08
"1549",10.5,13.5,3.89499580282181e-08
"1550",11,13.5,2.70370167789624e-08
"1551",11.5,13.5,1.79390708555971e-08
"1552",12,13.5,1.13597956546313e-08
"1553",12.5,13.5,6.86902631804318e-09
"1554",13,13.5,3.9749163770236e-09
"1555",13.5,13.5,2.20896495463028e-09
"1556",14,13.5,1.18393766738805e-09
"1557",14.5,13.5,6.14563960717034e-10
"1558",15,13.5,3.09919731232383e-10
"1559",-5,14,6.89489435399589e-10
"1560",-4.5,14,1.11090771694622e-09
"1561",-4,14,1.72637365066429e-09
"1562",-3.5,14,2.59689810239249e-09
"1563",-3,14,3.79042634722529e-09
"1564",-2.5,14,5.37402465313877e-09
"1565",-2,14,7.40279774758486e-09
"1566",-1.5,14,9.91258916949386e-09
"1567",-1,14,1.29262042004365e-08
"1568",-0.5,14,1.64767602211428e-08
"1569",0,14,2.06369009399065e-08
"1570",0.5,14,2.55287439675642e-08
"1571",1,14,3.129022821923e-08
"1572",1.5,14,3.79955064283424e-08
"1573",2,14,4.55617999182458e-08
"1574",2.5,14,5.3698925617063e-08
"1575",3,14,6.19420620422739e-08
"1576",3.5,14,6.9748104753529e-08
"1577",4,14,7.6576578025287e-08
"1578",4.5,14,8.18892678373143e-08
"1579",5,14,8.51017311258494e-08
"1580",5.5,14,8.56097534292345e-08
"1581",6,14,8.29757623372914e-08
"1582",6.5,14,7.71998182077869e-08
"1583",7,14,6.88715573995969e-08
"1584",7.5,14,5.90488471539902e-08
"1585",8,14,4.89075329644207e-08
"1586",8.5,14,3.93751322352165e-08
"1587",9,14,3.09531821539038e-08
"1588",9.5,14,2.37735935741354e-08
"1589",10,14,1.77766605518897e-08
"1590",10.5,14,1.28634225338251e-08
"1591",11,14,8.952674794174e-09
"1592",11.5,14,5.96587119755351e-09
"1593",12,14,3.79779433821121e-09
"1594",12.5,14,2.30924052551937e-09
"1595",13,14,1.34330679608499e-09
"1596",13.5,14,7.49626742567903e-10
"1597",14,14,4.02629561051441e-10
"1598",14.5,14,2.08785583973468e-10
"1599",15,14,1.04756386801813e-10
"1600",-5,14.5,2.20802678323858e-10
"1601",-4.5,14.5,3.58901513485185e-10
"1602",-4,14.5,5.6194704573647e-10
"1603",-3.5,14.5,8.50357476997499e-10
"1604",-3,14.5,1.24676179226616e-09
"1605",-2.5,14.5,1.77385793695483e-09
"1606",-2,14.5,2.45147920523651e-09
"1607",-1.5,14.5,3.29466570730199e-09
"1608",-1,14.5,4.31524106842128e-09
"1609",-0.5,14.5,5.52782510117344e-09
"1610",0,14.5,6.95723385932466e-09
"1611",0.5,14.5,8.64031491061872e-09
"1612",1,14.5,1.06153379065477e-08
"1613",1.5,14.5,1.28982869160223e-08
"1614",2,14.5,1.54554492948786e-08
"1615",2.5,14.5,1.81884123257205e-08
"1616",3,14.5,2.09428567277164e-08
"1617",3.5,14.5,2.35356475809913e-08
"1618",4,14.5,2.57787648868973e-08
"1619",4.5,14.5,2.74827461497017e-08
"1620",5,14.5,2.84492982179937e-08
"1621",5.5,14.5,2.84865889393007e-08
"1622",6,14.5,2.74691449390823e-08
"1623",6.5,14.5,2.54187137756125e-08
"1624",7,14.5,2.25460582717125e-08
"1625",7.5,14.5,1.92085727720332e-08
"1626",8,14.5,1.57978201218868e-08
"1627",8.5,14.5,1.26221769248669e-08
"1628",9,14.5,9.84816898184275e-09
"1629",9.5,14.5,7.51612706696869e-09
"1630",10,14.5,5.59700434857952e-09
"1631",10.5,14.5,4.04455233955724e-09
"1632",11,14.5,2.81883815204117e-09
"1633",11.5,14.5,1.88538874114898e-09
"1634",12,14.5,1.20672145282236e-09
"1635",12.5,14.5,7.38492911968251e-10
"1636",13,14.5,4.32517530528824e-10
"1637",13.5,14.5,2.42897512716333e-10
"1638",14,14.5,1.311037089109e-10
"1639",14.5,14.5,6.81515351146691e-11
"1640",15,14.5,3.41633357565571e-11
"1641",-5,15,6.68368153962767e-11
"1642",-4.5,15,1.09755686460771e-10
"1643",-4,15,1.7347840836858e-10
"1644",-3.5,15,2.64711297333426e-10
"1645",-3,15,3.90901689716132e-10
"1646",-2.5,15,5.59623206572685e-10
"1647",-2,15,7.77745911135257e-10
"1648",-1.5,15,1.05083865140374e-09
"1649",-1,15,1.38344425084296e-09
"1650",-0.5,15,1.78050168784494e-09
"1651",0,15,2.24916899052176e-09
"1652",0.5,15,2.79921064421736e-09
"1653",1,15,3.44001915151866e-09
"1654",1.5,15,4.17397117423611e-09
"1655",2,15,4.98864250680207e-09
"1656",2.5,15,5.85239145445896e-09
"1657",3,15,6.71660531104021e-09
"1658",3.5,15,7.52327636759907e-09
"1659",4,15,8.21216960454334e-09
"1660",4.5,15,8.72286544385467e-09
"1661",5,15,8.99414675147155e-09
"1662",5.5,15,8.96959974249996e-09
"1663",6,15,8.61517800698614e-09
"1664",6.5,15,7.94204607793218e-09
"1665",7,15,7.0179216457494e-09
"1666",7.5,15,5.9541618577239e-09
"1667",8,15,4.87243828837663e-09
"1668",8.5,15,3.86954639131638e-09
"1669",9,15,2.99891305526891e-09
"1670",9.5,15,2.27402500063884e-09
"1671",10,15,1.68488221635502e-09
"1672",10.5,15,1.21429139492443e-09
"1673",11,15,8.46377761882911e-10
"1674",11.5,15,5.6767076070619e-10
"1675",12,15,3.65153719394574e-10
"1676",12.5,15,2.24953460799093e-10
"1677",13,15,1.32743869508226e-10
"1678",13.5,15,7.51136859423918e-11
"1679",14,15,4.08141047809088e-11
"1680",14.5,15,2.13191402927784e-11
"1681",15,15,1.07099552762439e-11
